epoch,train_loss,train_acc,train_f1,val_loss,val_acc,val_f1,lr_backbone,lr_head,timestamp
1,2.0901282534730194,0.4524671988337363,0.40224643268384436,2.0444492944335937,0.46288,0.4164915047851427,1.5e-05,0.00025,2026-02-18T13:47:40.019459
2,1.9886488697722462,0.47488132911392406,0.4293459352724525,1.9476936016845703,0.48478,0.4459047627096188,3e-05,0.0005,2026-02-18T14:07:20.273758
3,1.9117176568859113,0.4910819051344048,0.4488821547195429,1.8868881388854981,0.49664,0.4547773429108511,2.994876739510005e-05,0.0004991461232516675,2026-02-18T14:26:57.624498
4,1.8491425437500664,0.5042557068695775,0.4648148672242164,1.847276273651123,0.50468,0.46450167504007833,2.9795419551040836e-05,0.0004965903258506806,2026-02-18T14:46:31.562273
5,1.8038374119947007,0.5133604750391125,0.4760607416580616,1.8090614603042603,0.51266,0.4759140617627422,2.9541003989089956e-05,0.0004923500664848326,2026-02-18T15:06:06.168998
6,1.7695328805655508,0.5206407338927607,0.4850651535355524,1.8060804414367675,0.51446,0.47872946640973185,2.9187258625509518e-05,0.00048645431042515866,2026-02-18T15:25:42.048250
7,1.7403646015312166,0.5271165196984782,0.49270030859354547,1.7914526651000977,0.51668,0.48391593050275383,2.873659989982586e-05,0.00047894333166376434,2026-02-18T15:45:14.995800
8,1.7134382851329641,0.5328367230834874,0.49959387268193334,1.7649770769119262,0.52172,0.4858834254072346,2.8192106268097336e-05,0.00046986843780162223,2026-02-18T16:04:50.083866
9,1.6895713514741497,0.5377235635044801,0.5056657008823681,1.7496377056503296,0.52506,0.48745286851874475,2.7557497173937928e-05,0.00045929161956563216,2026-02-18T16:24:37.004578
10,1.6691784822844185,0.5424615097425686,0.5114241971406822,1.7554222081756592,0.52392,0.486947790289082,2.6837107640945904e-05,0.00044728512734909845,2026-02-18T16:45:03.620066
11,1.6475840257286025,0.5467994417579292,0.5164525031714488,1.7368943604660034,0.52834,0.4951653898223594,2.6035858660096975e-05,0.00043393097766828293,2026-02-18T17:05:15.985671
12,1.6291668736236125,0.5511707082918503,0.5218705351361664,1.7373629876708985,0.52926,0.49791668264845373,2.5159223574386117e-05,0.0004193203929064353,2026-02-18T17:24:51.330338
13,1.6114255799378767,0.5548663952496089,0.5262085506547732,1.737274960784912,0.52946,0.5021167822412639,2.4213190690345018e-05,0.000403553178172417,2026-02-18T17:44:25.155661
14,1.5928432063516555,0.5587576447162566,0.5309068226238292,1.7413149205017089,0.52878,0.49492036349759233,2.320422237183641e-05,0.00038673703953060677,2026-02-18T18:03:59.490890
15,1.5765268635510754,0.5625266676148485,0.535461802664532,1.7344563103485107,0.53262,0.49930921332186173,2.2139210895556104e-05,0.0003689868482592684,2026-02-18T18:23:32.426460
16,1.5588617736491959,0.5666512587114209,0.5403222736873882,1.7250415403366088,0.53242,0.49664881508473396,2.1025431369794546e-05,0.0003504238561632424,2026-02-18T18:43:03.757395
17,1.5414953797339308,0.5699180415303655,0.5442099602934718,1.719375710258484,0.53516,0.5035036133822625,1.9870492038070255e-05,0.00033117486730117093,2026-02-18T19:02:35.481355
18,1.5250978799450197,0.5736070615844119,0.5486134081838527,1.7204997852325439,0.53736,0.5085221415482142,1.8682282307111988e-05,0.0003113713717851998,2026-02-18T19:22:09.374626
19,1.5089144352540032,0.5773960851941402,0.5529634440607459,1.7132196455383302,0.53658,0.5120036109846864,1.746891885421101e-05,0.0002911486475701835,2026-02-18T19:41:42.548853
20,1.4919971469209572,0.5807962060873275,0.5571163874298296,1.720614645729065,0.53878,0.5095100072943218,1.623869018208499e-05,0.00027064483636808314,2026-02-18T20:01:13.328598
21,1.4763939310961471,0.5849030187740009,0.5618431838818505,1.7282094466209412,0.53532,0.5077476065245626,1.5e-05,0.00025,2026-02-18T20:20:47.177653
22,1.4602243035730775,0.5881898023040819,0.5657397105201315,1.7268084608459473,0.53862,0.5097631687477185,1.3761309817915017e-05,0.00022935516363191695,2026-02-18T20:40:16.974661
23,1.4435147328323192,0.5919766036125729,0.5701405361677017,1.724999631767273,0.53874,0.5084281208358477,1.2531081145788989e-05,0.00020885135242981647,2026-02-18T20:59:48.035090
24,1.4293629996189265,0.5946300312900015,0.5733637034238517,1.7259768295669555,0.5379,0.5110081700885848,1.1317717692888014e-05,0.00018862862821480023,2026-02-18T21:19:19.696953
25,1.4135343846717305,0.5981034881240221,0.5772092436277225,1.7351502931213378,0.53808,0.5067768921312128,1.0129507961929749e-05,0.00016882513269882916,2026-02-18T21:38:50.060968
26,1.3995130590627176,0.6016169463803157,0.5812707554191612,1.7270406108856202,0.53896,0.5139735889490108,8.974568630205462e-06,0.0001495761438367577,2026-02-18T21:58:22.109627
27,1.3826311554475217,0.6064860083914094,0.5866645738086651,1.7384249919128418,0.5385,0.5131025617823323,7.860789104443897e-06,0.0001310131517407316,2026-02-18T22:17:45.201629
28,1.3697165821943458,0.6087816455696202,0.589455146185287,1.747555019493103,0.53922,0.5128339822001595,6.795777628163599e-06,0.00011326296046939332,2026-02-18T22:37:14.476330
29,1.3552361656313616,0.6125662245768738,0.5938220855739259,1.7493606299591065,0.5379,0.5141237863270791,5.786809309654983e-06,9.644682182758304e-05,2026-02-18T22:56:50.353271
30,1.343137749875699,0.6151396494097567,0.596718634112511,1.7454073444366456,0.53734,0.5128203908900172,4.840776425613887e-06,8.067960709356478e-05,2026-02-18T23:16:26.208233
31,1.3306499348690832,0.6180064180059736,0.6000440737519017,1.7503493630981446,0.53898,0.515389894053557,3.964141339903026e-06,6.60690223317171e-05,2026-02-18T23:36:01.241309
32,1.3205815120384918,0.6208665196984782,0.6031013719482635,1.751660797805786,0.5371,0.5130232144088576,3.162892359054098e-06,5.271487265090164e-05,2026-02-18T23:55:36.461481
33,1.310712250905667,0.6231910467927748,0.6057996906657181,1.7606540194511413,0.53718,0.5138739057709705,2.442502826062072e-06,4.0708380434367864e-05,2026-02-19T00:15:14.006178
34,1.3011719123463663,0.625300010667046,0.6080598648330168,1.7609887491989136,0.5372,0.5125008378083646,1.8078937319026655e-06,3.013156219837776e-05,2026-02-19T00:34:49.296643
35,1.29494395659016,0.6269178459678566,0.6100690924540638,1.7616640579986573,0.53712,0.5144712281072665,1.2634001001741375e-06,2.1056668336235624e-05,2026-02-19T00:54:27.051826
